[{"model": "products.category", "pk": 1, "fields": {"name": "Mens", "friendly_name": "Men", "slug": "mens"}}, {"model": "products.category", "pk": 2, "fields": {"name": "Womens", "friendly_name": "Women", "slug": "womens"}}, {"model": "products.category", "pk": 3, "fields": {"name": "Junior( 6 - 14 yrs)", "friendly_name": "Junior", "slug": "junior-6-14-yrs"}}, {"model": "products.category", "pk": 4, "fields": {"name": "Kids", "friendly_name": "Kids", "slug": "kids"}}, {"model": "products.category", "pk": 5, "fields": {"name": "Swim Wear", "friendly_name": "Swim Wear", "slug": "swim-wear"}}, {"model": "products.category", "pk": 6, "fields": {"name": "Goggles", "friendly_name": "Goggles", "slug": "goggles"}}, {"model": "products.category", "pk": 7, "fields": {"name": "Swimming Aids", "friendly_name": "Swimming Aids", "slug": "swimming-aids"}}, {"model": "products.category", "pk": 8, "fields": {"name": "Water Wings Vest", "friendly_name": "Water Wings Vest", "slug": "water-wing-west"}}, {"model": "products.category", "pk": 9, "fields": {"name": "Armbands", "friendly_name": "Armbands", "slug": "arm-bands"}}, {"model": "products.category", "pk": 10, "fields": {"name": "Inflatables", "friendly_name": "Inflatables", "slug": "inflatables"}}, {"model": "products.category", "pk": 11, "fields": {"name": "Floats & Kickboards", "friendly_name": "Floats & Kickboards", "slug": "floats-kickboards"}}, {"model": "products.category", "pk": 12, "fields": {"name": "ear_nose_plugs", "friendly_name": "Ear & Nose Plugs", "slug": "ear-nose-plugs"}}, {"model": "products.category", "pk": 13, "fields": {"name": "Towels", "friendly_name": "Towels", "slug": "towels"}}, {"model": "products.category", "pk": 14, "fields": {"name": "Bags", "friendly_name": "Bags", "slug": "bags"}}, {"model": "products.size", "pk": 1, "fields": {"name": "6", "friendly_name": "6"}}, {"model": "products.size", "pk": 2, "fields": {"name": "8", "friendly_name": "8"}}, {"model": "products.size", "pk": 3, "fields": {"name": "10", "friendly_name": "10"}}, {"model": "products.size", "pk": 4, "fields": {"name": "12", "friendly_name": "12"}}, {"model": "products.size", "pk": 5, "fields": {"name": "14", "friendly_name": "14"}}, {"model": "products.size", "pk": 6, "fields": {"name": "16", "friendly_name": "16"}}, {"model": "products.product", "pk": 1, "fields": {"name": "Men's Viper Jett Jammer", "description": "Find ultimate comfort in the Viper Jett Jammer Featuring a bold blue and yellow design, triangle front lining for extra modesty and a drawstring for the perfect fit - this Mid Jammer the perfect choicel.", "image": "products/viper-jett-jammer.webp", "rating": "2.00", "is_active": true, "price": "30.00", "slug": "mens-viper-jett-jammer", "category": [1, 5]}}, {"model": "products.product", "pk": 2, "fields": {"name": "Jammers with Logo Print", "description": "The Logo Print Jammer is a discreet homage to Zoggs. With a pixelated Zoggs lodo down the left side. Triangle front lined for extra modesty and a drawstring for the perfect fit - you can't go wrong!", "image": "products/jammers-logo-print.webp", "rating": "4.00", "is_active": true, "price": "62.00", "slug": "jammers-with-logo-print", "category": [1, 5]}}, {"model": "products.product", "pk": 3, "fields": {"name": "Macmaster Scoopback One Piece", "description": "One of our first swimsuits, the Macmasters Scoopback is an everyday swimsuit designed to flatter with cross body asymmetric lines and support you where it matters.", "image": "products/macmaster-scoopback-one-piece.webp", "rating": "4.00", "is_active": true, "price": "26.00", "slug": "macmaster-scoopback-one-piece", "category": [2, 5]}}, {"model": "products.product", "pk": 4, "fields": {"name": "Dakota Crossback Swimsuit", "description": "Dive into the new season in style and make waves with our Dakota Crossback Swimsuit. Featuring built-in shelf bra lining for support that goes unnoticed, you won't have to worry about anything other than enjoying your swim.", "image": "products/dakota-crossback-swimsuit.webp", "rating": "3.00", "is_active": true, "price": "36.00", "slug": "dakota-crossback-swimsuit", "category": [2, 5]}}, {"model": "products.product", "pk": 11, "fields": {"name": "GIRLS CRAZY PRINT STARBACK SWIMSUIT", "description": "This crazy chaos all over print features coloured tiles with fun and hip icons. In our popular Starback perfect for laps of the pool or playing in the water with friends.", "image": "products/girls-crazy-print-starback-swimsuit-crzf.jpg", "rating": "4.00", "is_active": true, "price": "24.00", "slug": "girls-crazy-print-starback-swimsuit", "category": [3, 5]}}, {"model": "products.inventory", "pk": 3, "fields": {"product": 1, "size": null, "date_added": "2023-03-10T19:38:34.500Z", "units": 78, "sku": "pp1010433de"}}, {"model": "products.inventory", "pk": 4, "fields": {"product": 1, "size": null, "date_added": "2023-03-10T19:39:39.840Z", "units": 88, "sku": "pp1011004de"}}, {"model": "products.inventory", "pk": 5, "fields": {"product": 1, "size": null, "date_added": "2023-03-10T19:40:45.367Z", "units": 12, "sku": "pp1010627de"}}, {"model": "products.inventory", "pk": 6, "fields": {"product": 2, "size": null, "date_added": "2023-03-10T19:41:52.046Z", "units": 23, "sku": "pp1010719de"}}, {"model": "products.inventory", "pk": 11, "fields": {"product": 3, "size": null, "date_added": "2023-03-22T17:27:03.409Z", "units": 34, "sku": "pp1010624de"}}, {"model": "products.inventory", "pk": 12, "fields": {"product": 3, "size": null, "date_added": "2023-03-22T17:27:25.439Z", "units": 9, "sku": "pp1010952de"}}, {"model": "products.inventory", "pk": 13, "fields": {"product": 3, "size": null, "date_added": "2023-03-22T17:27:25.637Z", "units": 9, "sku": "pp1010691de"}}, {"model": "products.inventory", "pk": 14, "fields": {"product": 4, "size": null, "date_added": "2023-03-22T17:27:46.225Z", "units": 34, "sku": "pp1010780de"}}, {"model": "products.inventory", "pk": 15, "fields": {"product": 2, "size": null, "date_added": "2023-04-07T17:26:01.084Z", "units": 0, "sku": "pp1010420de"}}, {"model": "products.inventory", "pk": 16, "fields": {"product": 11, "size": 1, "date_added": "2023-04-09T14:19:33.096Z", "units": 10, "sku": "pp1010469"}}, {"model": "products.inventory", "pk": 17, "fields": {"product": 11, "size": 2, "date_added": "2023-04-09T14:19:33.096Z", "units": 8, "sku": "pp1010376"}}, {"model": "products.inventory", "pk": 18, "fields": {"product": 11, "size": 3, "date_added": "2023-04-09T14:19:33.096Z", "units": 9, "sku": "pp1010338"}}, {"model": "products.inventory", "pk": 19, "fields": {"product": 11, "size": 4, "date_added": "2023-04-09T14:19:33.096Z", "units": 13, "sku": "pp1010224"}}, {"model": "products.inventory", "pk": 20, "fields": {"product": 11, "size": 5, "date_added": "2023-04-09T14:19:33.097Z", "units": 9, "sku": "pp1010681"}}, {"model": "products.inventory", "pk": 21, "fields": {"product": 11, "size": 6, "date_added": "2023-04-09T14:19:33.097Z", "units": 15, "sku": "pp1010340"}}]